{"stats":{"minecraft:custom":{"minecraft:mob_kills":11,"minecraft:interact_with_crafting_table":16,"minecraft:leave_game":1,"minecraft:time_since_death":55991,"minecraft:sleep_in_bed":1,"minecraft:climb_one_cm":11437,"minecraft:time_since_rest":40944,"minecraft:sprint_one_cm":225726,"minecraft:damage_taken":594,"minecraft:walk_one_cm":138094,"minecraft:damage_dealt":1078,"minecraft:swim_one_cm":30838,"minecraft:fly_one_cm":64336,"minecraft:crouch_one_cm":742,"minecraft:play_time":55991,"minecraft:sneak_time":1609,"minecraft:walk_under_water_one_cm":5649,"minecraft:jump":711,"minecraft:walk_on_water_one_cm":16952,"minecraft:total_world_time":55991,"minecraft:fall_one_cm":9157},"minecraft:picked_up":{"minecraft:birch_log":18,"minecraft:crafting_table":2,"minecraft:ladder":1,"minecraft:jungle_log":4,"minecraft:oak_log":27,"minecraft:dirt":46,"minecraft:raw_copper":24,"minecraft:wheat_seeds":2,"minecraft:light_gray_wool":1,"minecraft:melon_slice":97,"minecraft:birch_sapling":2,"minecraft:oak_planks":11,"minecraft:torch":2,"minecraft:diorite":6,"minecraft:white_bed":2,"minecraft:granite":6,"minecraft:black_wool":1,"minecraft:mutton":15,"minecraft:coal":4,"minecraft:white_wool":7,"minecraft:cobblestone":360},"minecraft:killed":{"minecraft:sheep":10,"minecraft:skeleton":1},"minecraft:used":{"minecraft:stone_sword":37,"minecraft:birch_planks":38,"minecraft:stone_pickaxe":350,"minecraft:ladder":24,"minecraft:oak_planks":60,"minecraft:chest":4,"minecraft:wooden_pickaxe":59,"minecraft:oak_door":1,"minecraft:torch":7,"minecraft:dirt":11,"minecraft:crafting_table":3,"minecraft:white_bed":3,"minecraft:melon_slice":52,"minecraft:stone_axe":69,"minecraft:light_gray_wool":1,"minecraft:cobblestone":126,"minecraft:furnace":4},"minecraft:mined":{"minecraft:white_bed":2,"minecraft:crafting_table":2,"minecraft:torch":2,"minecraft:ladder":1,"minecraft:granite":6,"minecraft:short_grass":27,"minecraft:grass_block":13,"minecraft:melon":19,"minecraft:jungle_log":5,"minecraft:cobblestone":28,"minecraft:copper_ore":7,"minecraft:oak_planks":11,"minecraft:diorite":6,"minecraft:birch_log":18,"minecraft:birch_leaves":3,"minecraft:coal_ore":4,"minecraft:oak_log":27,"minecraft:vine":2,"minecraft:dirt":17,"minecraft:stone":332,"minecraft:oak_leaves":8,"minecraft:fern":3},"minecraft:crafted":{"minecraft:oak_door":3,"minecraft:oak_planks":92,"minecraft:crafting_table":1,"minecraft:wooden_pickaxe":1,"minecraft:furnace":4,"minecraft:birch_planks":72,"minecraft:stone_axe":1,"minecraft:jungle_planks":16,"minecraft:ladder":24,"minecraft:stick":76,"minecraft:stone_pickaxe":4,"minecraft:stone_sword":1,"minecraft:chest":4,"minecraft:white_bed":1,"minecraft:torch":8},"minecraft:broken":{"minecraft:stone_pickaxe":2,"minecraft:wooden_pickaxe":1}},"DataVersion":3953}