{"stats":{"minecraft:custom":{"minecraft:mob_kills":42,"minecraft:interact_with_crafting_table":29,"minecraft:leave_game":3,"minecraft:time_since_death":129382,"minecraft:climb_one_cm":2405,"minecraft:sprint_one_cm":156742,"minecraft:walk_one_cm":258850,"minecraft:damage_blocked_by_shield":546,"minecraft:drop":38,"minecraft:play_time":130911,"minecraft:deaths":1,"minecraft:sneak_time":22246,"minecraft:walk_under_water_one_cm":16057,"minecraft:boat_one_cm":271830,"minecraft:jump":1764,"minecraft:walk_on_water_one_cm":19612,"minecraft:total_world_time":130911,"minecraft:interact_with_furnace":15,"minecraft:sleep_in_bed":4,"minecraft:time_since_rest":56491,"minecraft:damage_taken":1430,"minecraft:damage_dealt":4650,"minecraft:swim_one_cm":46493,"minecraft:fly_one_cm":123419,"minecraft:open_chest":15,"minecraft:crouch_one_cm":61967,"minecraft:interact_with_smoker":13,"minecraft:fall_one_cm":34244},"minecraft:picked_up":{"minecraft:crafting_table":12,"minecraft:chicken":5,"minecraft:amethyst_block":16,"minecraft:string":2,"minecraft:raw_copper":3,"minecraft:cobbled_deepslate":91,"minecraft:beef":2,"minecraft:calcite":6,"minecraft:melon_slice":80,"minecraft:furnace":4,"minecraft:raw_iron":22,"minecraft:sandstone":3,"minecraft:torch":27,"minecraft:porkchop":34,"minecraft:cherry_log":2,"minecraft:diorite":1,"minecraft:carrot":1,"minecraft:diamond_chestplate":1,"minecraft:rotten_flesh":8,"minecraft:stone_sword":1,"minecraft:arrow":4,"minecraft:tropical_fish":1,"minecraft:mutton":4,"minecraft:cod":2,"minecraft:white_wool":3,"minecraft:cobblestone":82,"minecraft:pink_petals":23,"minecraft:feather":7,"minecraft:jungle_log":17,"minecraft:leather":1,"minecraft:smoker":2,"minecraft:tuff":3,"minecraft:oak_log":7,"minecraft:gunpowder":5,"minecraft:lapis_lazuli":7,"minecraft:dirt":11,"minecraft:cooked_mutton":4,"minecraft:bone":19,"minecraft:apple":1,"minecraft:kelp":1,"minecraft:bow":1,"minecraft:wheat_seeds":3,"minecraft:raw_gold":3,"minecraft:iron_ingot":5,"minecraft:stone_pickaxe":1,"minecraft:iron_sword":1,"minecraft:smooth_basalt":4,"minecraft:cooked_porkchop":1,"minecraft:sand":13,"minecraft:jungle_planks":20,"minecraft:amethyst_shard":8,"minecraft:white_bed":3,"minecraft:diamond":19,"minecraft:cherry_sapling":2,"minecraft:oak_sapling":4,"minecraft:black_wool":1,"minecraft:coal":94},"minecraft:killed":{"minecraft:spider":3,"minecraft:cod":2,"minecraft:skeleton":6,"minecraft:chicken":5,"minecraft:tropical_fish":1,"minecraft:pig":15,"minecraft:sheep":3,"minecraft:zombie":6,"minecraft:cow":1},"minecraft:used":{"minecraft:stone_sword":54,"minecraft:tropical_fish":1,"minecraft:chest":1,"minecraft:shield":17,"minecraft:iron_sword":1,"minecraft:rotten_flesh":3,"minecraft:cooked_chicken":1,"minecraft:torch":48,"minecraft:dirt":11,"minecraft:lava_bucket":6,"minecraft:iron_axe":10,"minecraft:smooth_basalt":2,"minecraft:diamond_chestplate":1,"minecraft:furnace":4,"minecraft:cooked_cod":2,"minecraft:cobbled_deepslate":71,"minecraft:cherry_log":2,"minecraft:iron_leggings":1,"minecraft:cooked_mutton":4,"minecraft:water_bucket":9,"minecraft:amethyst_block":1,"minecraft:stone_pickaxe":37,"minecraft:wooden_pickaxe":15,"minecraft:diamond_axe":1,"minecraft:jungle_boat":1,"minecraft:sand":13,"minecraft:crafting_table":12,"minecraft:white_bed":4,"minecraft:smoker":3,"minecraft:diamond_pickaxe":24,"minecraft:melon_slice":16,"minecraft:iron_pickaxe":233,"minecraft:stone_axe":128,"minecraft:pink_petals":3,"minecraft:cobblestone":27,"minecraft:cooked_porkchop":7,"minecraft:bucket":15},"minecraft:killed_by":{"minecraft:player":1},"minecraft:crafted":{"minecraft:oak_planks":28,"minecraft:cooked_chicken":5,"minecraft:furnace":2,"minecraft:iron_axe":1,"minecraft:stone_pickaxe":1,"minecraft:chest":1,"minecraft:smoker":1,"minecraft:cooked_cod":2,"minecraft:diamond_sword":1,"minecraft:cooked_porkchop":25,"minecraft:diamond_axe":1,"minecraft:crafting_table":1,"minecraft:jungle_boat":1,"minecraft:wooden_pickaxe":1,"minecraft:iron_sword":1,"minecraft:bucket":1,"minecraft:stone_axe":1,"minecraft:jungle_slab":30,"minecraft:jungle_planks":52,"minecraft:diamond_pickaxe":1,"minecraft:shield":1,"minecraft:stick":28,"minecraft:iron_ingot":17,"minecraft:iron_pickaxe":1,"minecraft:stone_sword":1,"minecraft:iron_leggings":1,"minecraft:white_bed":1,"minecraft:torch":32,"minecraft:diamond_chestplate":1},"minecraft:mined":{"minecraft:tuff":5,"minecraft:white_bed":3,"minecraft:deepslate_diamond_ore":19,"minecraft:sculk_vein":4,"minecraft:cherry_log":2,"minecraft:grass_block":1,"minecraft:jungle_log":17,"minecraft:kelp":1,"minecraft:sandstone":3,"minecraft:furnace":4,"minecraft:iron_ore":2,"minecraft:deepslate_lapis_ore":1,"minecraft:deepslate_iron_ore":9,"minecraft:vine":5,"minecraft:stone":69,"minecraft:kelp_plant":3,"minecraft:smoker":2,"minecraft:amethyst_cluster":2,"minecraft:crafting_table":12,"minecraft:torch":10,"minecraft:short_grass":35,"minecraft:calcite":6,"minecraft:melon":16,"minecraft:cobblestone":15,"minecraft:copper_ore":1,"minecraft:deepslate_gold_ore":3,"minecraft:sculk":4,"minecraft:diorite":1,"minecraft:wall_torch":11,"minecraft:amethyst_block":16,"minecraft:pink_petals":8,"minecraft:coal_ore":49,"minecraft:oak_log":7,"minecraft:cherry_leaves":40,"minecraft:sand":13,"minecraft:dirt":10,"minecraft:smooth_basalt":4,"minecraft:oak_leaves":12,"minecraft:deepslate":91,"minecraft:fern":12},"minecraft:dropped":{"minecraft:iron_ingot":5,"minecraft:iron_sword":1,"minecraft:wheat_seeds":2,"minecraft:cooked_porkchop":14,"minecraft:feather":2,"minecraft:leather":1,"minecraft:diorite":1,"minecraft:torch":4,"minecraft:melon_slice":64,"minecraft:iron_pickaxe":1,"minecraft:bone":10,"minecraft:stone_sword":1,"minecraft:rotten_flesh":4,"minecraft:gunpowder":5,"minecraft:diamond_chestplate":1,"minecraft:oak_sapling":4,"minecraft:stone_pickaxe":2,"minecraft:wooden_pickaxe":1}},"DataVersion":3953}