{"stats":{"minecraft:used":{"minecraft:stone_pickaxe":186,"minecraft:wooden_pickaxe":89,"minecraft:dirt":7,"minecraft:crafting_table":7,"minecraft:diamond_pickaxe":198,"minecraft:melon_slice":2,"minecraft:iron_pickaxe":250,"minecraft:cobblestone":5,"minecraft:furnace":4},"minecraft:broken":{"minecraft:stone_pickaxe":1,"minecraft:iron_pickaxe":1},"minecraft:killed":{"minecraft:wolf":1},"minecraft:crafted":{"minecraft:diamond_sword":1,"minecraft:diamond_axe":1,"minecraft:crafting_table":4,"minecraft:wooden_pickaxe":2,"minecraft:furnace":3,"minecraft:jungle_planks":112,"minecraft:diamond_helmet":1,"minecraft:diamond_pickaxe":1,"minecraft:stick":20,"minecraft:iron_ingot":10,"minecraft:iron_pickaxe":1,"minecraft:stone_pickaxe":2,"minecraft:diamond_chestplate":1},"minecraft:picked_up":{"minecraft:cocoa_beans":3,"minecraft:crafting_table":4,"minecraft:magma_block":1,"minecraft:clay_ball":8,"minecraft:andesite":14,"minecraft:jungle_log":28,"minecraft:tuff":52,"minecraft:lapis_lazuli":36,"minecraft:dirt":27,"minecraft:raw_copper":8,"minecraft:wheat_seeds":1,"minecraft:cobbled_deepslate":337,"minecraft:iron_ingot":11,"minecraft:melon_slice":7,"minecraft:furnace":2,"minecraft:egg":1,"minecraft:stick":3,"minecraft:raw_iron":44,"minecraft:gravel":3,"minecraft:jungle_planks":19,"minecraft:diorite":3,"minecraft:diamond":43,"minecraft:granite":9,"minecraft:coal":34,"minecraft:cobblestone":167},"minecraft:custom":{"minecraft:interact_with_furnace":8,"minecraft:mob_kills":1,"minecraft:interact_with_crafting_table":14,"minecraft:leave_game":7,"minecraft:time_since_death":8384,"minecraft:climb_one_cm":1007,"minecraft:time_since_rest":8432,"minecraft:sprint_one_cm":26363,"minecraft:damage_taken":810,"minecraft:walk_one_cm":62414,"minecraft:damage_dealt":252,"minecraft:swim_one_cm":2258,"minecraft:fly_one_cm":35132,"minecraft:crouch_one_cm":1525,"minecraft:play_time":53455,"minecraft:deaths":3,"minecraft:sneak_time":3038,"minecraft:walk_under_water_one_cm":3596,"minecraft:jump":306,"minecraft:walk_on_water_one_cm":524,"minecraft:total_world_time":53455,"minecraft:fall_one_cm":5291},"minecraft:killed_by":{"minecraft:zombie":2},"minecraft:mined":{"minecraft:diamond_ore":1,"minecraft:tuff":63,"minecraft:deepslate_diamond_ore":43,"minecraft:jungle_leaves":2,"minecraft:clay":2,"minecraft:crafting_table":4,"minecraft:granite":9,"minecraft:short_grass":4,"minecraft:grass_block":2,"minecraft:jungle_log":28,"minecraft:copper_ore":2,"minecraft:deepslate_coal_ore":17,"minecraft:diorite":3,"minecraft:magma_block":1,"minecraft:furnace":2,"minecraft:iron_ore":8,"minecraft:andesite":14,"minecraft:deepslate_lapis_ore":5,"minecraft:coal_ore":1,"minecraft:deepslate_iron_ore":29,"minecraft:vine":10,"minecraft:gravel":3,"minecraft:dirt":9,"minecraft:stone":168,"minecraft:oak_leaves":1,"minecraft:fern":4,"minecraft:deepslate":339}},"DataVersion":3953}