{"stats":{"minecraft:custom":{"minecraft:interact_with_smithing_table":1,"minecraft:mob_kills":57,"minecraft:interact_with_crafting_table":31,"minecraft:leave_game":1,"minecraft:time_since_death":39506,"minecraft:climb_one_cm":3884,"minecraft:sprint_one_cm":422689,"minecraft:walk_one_cm":227964,"minecraft:damage_blocked_by_shield":496,"minecraft:drop":17,"minecraft:play_time":150398,"minecraft:sneak_time":3341,"minecraft:deaths":8,"minecraft:walk_under_water_one_cm":13347,"minecraft:boat_one_cm":272647,"minecraft:jump":2647,"minecraft:walk_on_water_one_cm":57043,"minecraft:total_world_time":150398,"minecraft:interact_with_furnace":34,"minecraft:interact_with_cartography_table":1,"minecraft:sleep_in_bed":2,"minecraft:time_since_rest":11551,"minecraft:damage_taken":5410,"minecraft:damage_dealt":9553,"minecraft:player_kills":7,"minecraft:fly_one_cm":407767,"minecraft:swim_one_cm":107905,"minecraft:open_chest":10,"minecraft:crouch_one_cm":2137,"minecraft:interact_with_smoker":5,"minecraft:fall_one_cm":83507},"minecraft:picked_up":{"minecraft:cocoa_beans":3,"minecraft:crafting_table":5,"minecraft:iron_chestplate":1,"minecraft:wheat":1,"minecraft:chicken":11,"minecraft:leather_leggings":1,"minecraft:wooden_pickaxe":1,"minecraft:potion":1,"minecraft:shield":1,"minecraft:string":1,"minecraft:raw_copper":14,"minecraft:iron_axe":1,"minecraft:cartography_table":2,"minecraft:cobbled_deepslate":19,"minecraft:oak_boat":4,"minecraft:jungle_sapling":2,"minecraft:iron_pickaxe":2,"minecraft:melon_slice":170,"minecraft:furnace":3,"minecraft:iron_boots":2,"minecraft:egg":1,"minecraft:raw_iron":146,"minecraft:stick":9,"minecraft:torch":85,"minecraft:acacia_log":5,"minecraft:porkchop":21,"minecraft:diorite":2,"minecraft:dark_oak_planks":2,"minecraft:orange_bed":1,"minecraft:tnt":2,"minecraft:stone_sword":1,"minecraft:arrow":7,"minecraft:rotten_flesh":43,"minecraft:cooked_cod":6,"minecraft:tropical_fish":1,"minecraft:bookshelf":1,"minecraft:cobblestone":398,"minecraft:white_wool":1,"minecraft:feather":11,"minecraft:jungle_log":35,"minecraft:andesite":186,"minecraft:leather":6,"minecraft:tuff":1,"minecraft:oak_log":6,"minecraft:map":1,"minecraft:lapis_lazuli":9,"minecraft:dirt":90,"minecraft:bone":6,"minecraft:wheat_seeds":11,"minecraft:raw_gold":22,"minecraft:heart_of_the_sea":1,"minecraft:stone_pickaxe":1,"minecraft:iron_ingot":15,"minecraft:cooked_chicken":1,"minecraft:bamboo":83,"minecraft:book":2,"minecraft:cooked_porkchop":21,"minecraft:gravel":26,"minecraft:jungle_planks":42,"minecraft:sand":6,"minecraft:dark_oak_log":73,"minecraft:spider_eye":2,"minecraft:diamond":17,"minecraft:granite":1,"minecraft:bread":32,"minecraft:emerald":11,"minecraft:coal":140},"minecraft:killed":{"minecraft:spider":6,"minecraft:skeleton":6,"minecraft:chicken":10,"minecraft:pig":9,"minecraft:sheep":1,"minecraft:zombie":20,"minecraft:cow":2},"minecraft:used":{"minecraft:stone_sword":56,"minecraft:iron_shovel":80,"minecraft:shield":3,"minecraft:iron_sword":108,"minecraft:cooked_chicken":4,"minecraft:orange_bed":1,"minecraft:torch":134,"minecraft:dirt":4,"minecraft:anvil":1,"minecraft:jungle_planks":9,"minecraft:jungle_sapling":1,"minecraft:bookshelf":1,"minecraft:iron_axe":113,"minecraft:furnace":5,"minecraft:cooked_cod":6,"minecraft:egg":1,"minecraft:acacia_planks":1,"minecraft:cobbled_deepslate":9,"minecraft:diorite":2,"minecraft:leather_leggings":1,"minecraft:stone_pickaxe":131,"minecraft:cartography_table":1,"minecraft:wooden_pickaxe":21,"minecraft:jungle_boat":1,"minecraft:white_wool":1,"minecraft:sand":2,"minecraft:crafting_table":9,"minecraft:smoker":2,"minecraft:diamond_pickaxe":88,"minecraft:melon_slice":8,"minecraft:chicken":6,"minecraft:bread":20,"minecraft:map":1,"minecraft:iron_pickaxe":501,"minecraft:gravel":25,"minecraft:stone_axe":111,"minecraft:wooden_sword":5,"minecraft:cobblestone":127,"minecraft:cooked_porkchop":19,"minecraft:porkchop":3,"minecraft:andesite":38,"minecraft:oak_boat":5,"minecraft:experience_bottle":1},"minecraft:killed_by":{"minecraft:zombie_villager":1,"minecraft:player":4,"minecraft:spider":1},"minecraft:dropped":{"minecraft:porkchop":4,"minecraft:wheat_seeds":7,"minecraft:jungle_planks":4,"minecraft:stick":7,"minecraft:dirt":1,"minecraft:sand":4,"minecraft:iron_pickaxe":1,"minecraft:stone_sword":2,"minecraft:raw_iron":11,"minecraft:rotten_flesh":2,"minecraft:iron_boots":1,"minecraft:filled_map":1,"minecraft:bamboo":1,"minecraft:arrow":5,"minecraft:stone_pickaxe":1},"minecraft:mined":{"minecraft:tuff":1,"minecraft:deepslate_diamond_ore":17,"minecraft:jungle_leaves":1,"minecraft:dark_oak_log":73,"minecraft:granite":1,"minecraft:acacia_log":5,"minecraft:grass_block":14,"minecraft:jungle_log":35,"minecraft:cartography_table":2,"minecraft:furnace":3,"minecraft:iron_ore":110,"minecraft:andesite":94,"minecraft:dirt_path":13,"minecraft:deepslate_iron_ore":19,"minecraft:vine":6,"minecraft:bamboo":20,"minecraft:stone":367,"minecraft:orange_bed":1,"minecraft:crafting_table":5,"minecraft:short_grass":10,"minecraft:melon":3,"minecraft:copper_ore":4,"minecraft:cobblestone":6,"minecraft:lapis_ore":2,"minecraft:deepslate_gold_ore":12,"minecraft:oak_log":6,"minecraft:coal_ore":94,"minecraft:gravel":26,"minecraft:sand":5,"minecraft:dirt":63,"minecraft:oak_leaves":2,"minecraft:deepslate":9,"minecraft:fern":2},"minecraft:crafted":{"minecraft:wooden_sword":2,"minecraft:oak_planks":24,"minecraft:cooked_chicken":4,"minecraft:furnace":4,"minecraft:bookshelf":1,"minecraft:iron_boots":1,"minecraft:iron_axe":1,"minecraft:stone_pickaxe":1,"minecraft:dark_oak_planks":16,"minecraft:smoker":2,"minecraft:cooked_porkchop":14,"minecraft:crafting_table":7,"minecraft:jungle_boat":1,"minecraft:wooden_pickaxe":3,"minecraft:iron_sword":1,"minecraft:stone_axe":1,"minecraft:jungle_planks":140,"minecraft:oak_boat":1,"minecraft:diamond_pickaxe":1,"minecraft:iron_chestplate":1,"minecraft:shield":1,"minecraft:stick":81,"minecraft:iron_ingot":71,"minecraft:iron_pickaxe":2,"minecraft:stone_sword":1,"minecraft:iron_block":6,"minecraft:iron_shovel":1,"minecraft:anvil":2,"minecraft:acacia_planks":20,"minecraft:torch":180},"minecraft:broken":{"minecraft:stone_pickaxe":1,"minecraft:stone_axe":1,"minecraft:iron_pickaxe":2}},"DataVersion":3953}