{"stats":{"minecraft:custom":{"minecraft:time_since_rest":61522,"minecraft:interact_with_furnace":3,"minecraft:sprint_one_cm":160488,"minecraft:damage_taken":408,"minecraft:walk_one_cm":100015,"minecraft:drop":4,"minecraft:damage_dealt":30,"minecraft:swim_one_cm":70676,"minecraft:interact_with_crafting_table":7,"minecraft:fly_one_cm":87349,"minecraft:open_chest":5,"minecraft:crouch_one_cm":304,"minecraft:play_time":61522,"minecraft:bell_ring":9,"minecraft:sneak_time":1208,"minecraft:walk_under_water_one_cm":2222,"minecraft:jump":640,"minecraft:leave_game":5,"minecraft:walk_on_water_one_cm":15446,"minecraft:time_since_death":61522,"minecraft:total_world_time":61522,"minecraft:fall_one_cm":13385},"minecraft:picked_up":{"minecraft:stick":4,"minecraft:raw_iron":35,"minecraft:wheat":1,"minecraft:acacia_fence":1,"minecraft:andesite":3,"minecraft:acacia_log":18,"minecraft:gravel":1,"minecraft:diorite":27,"minecraft:dirt":15,"minecraft:acacia_door":1,"minecraft:arrow":2,"minecraft:bone":2,"minecraft:rotten_flesh":4,"minecraft:acacia_planks":1,"minecraft:wheat_seeds":6,"minecraft:cobbled_deepslate":2,"minecraft:hay_block":42,"minecraft:granite":4,"minecraft:armadillo_scute":3,"minecraft:bread":32,"minecraft:brown_banner":1,"minecraft:acacia_slab":1,"minecraft:melon_seeds":1,"minecraft:cobblestone":130},"minecraft:used":{"minecraft:wheat_seeds":1,"minecraft:acacia_door":1,"minecraft:acacia_sign":1,"minecraft:bread":13,"minecraft:stone_pickaxe":183,"minecraft:map":1,"minecraft:wooden_pickaxe":20,"minecraft:leather_helmet":1,"minecraft:leather_chestplate":1,"minecraft:stone_axe":19,"minecraft:dirt":15,"minecraft:cobblestone":33,"minecraft:crafting_table":3,"minecraft:furnace":1,"minecraft:brown_banner":1,"minecraft:acacia_planks":1},"minecraft:crafted":{"minecraft:acacia_sign":3,"minecraft:crafting_table":3,"minecraft:stick":12,"minecraft:iron_ingot":3,"minecraft:wooden_pickaxe":1,"minecraft:stone_pickaxe":2,"minecraft:stone_sword":1,"minecraft:furnace":1,"minecraft:acacia_planks":36,"minecraft:stone_axe":2,"minecraft:bread":126,"minecraft:wheat":378},"minecraft:mined":{"minecraft:hay_block":42,"minecraft:acacia_leaves":4,"minecraft:iron_ore":35,"minecraft:wheat":5,"minecraft:andesite":4,"minecraft:granite":4,"minecraft:short_grass":4,"minecraft:acacia_log":15,"minecraft:grass_block":3,"minecraft:gravel":1,"minecraft:cobblestone":3,"minecraft:stone":127,"minecraft:diorite":27,"minecraft:deepslate":2},"minecraft:dropped":{"minecraft:bread":64,"minecraft:melon_seeds":1,"minecraft:map":1},"minecraft:broken":{"minecraft:stone_pickaxe":1}},"DataVersion":3953}