{"stats":{"minecraft:custom":{"minecraft:time_since_rest":2435,"minecraft:interact_with_furnace":6,"minecraft:sprint_one_cm":26363,"minecraft:damage_taken":750,"minecraft:walk_one_cm":57568,"minecraft:mob_kills":1,"minecraft:damage_dealt":252,"minecraft:interact_with_crafting_table":12,"minecraft:fly_one_cm":35132,"minecraft:crouch_one_cm":1393,"minecraft:play_time":47458,"minecraft:deaths":3,"minecraft:sneak_time":1675,"minecraft:walk_under_water_one_cm":525,"minecraft:jump":299,"minecraft:leave_game":7,"minecraft:time_since_death":2387,"minecraft:walk_on_water_one_cm":476,"minecraft:total_world_time":47458,"minecraft:climb_one_cm":1007,"minecraft:fall_one_cm":5022},"minecraft:picked_up":{"minecraft:raw_iron":34,"minecraft:cocoa_beans":3,"minecraft:stick":3,"minecraft:crafting_table":3,"minecraft:clay_ball":8,"minecraft:jungle_log":28,"minecraft:andesite":14,"minecraft:gravel":3,"minecraft:jungle_planks":19,"minecraft:tuff":52,"minecraft:diorite":3,"minecraft:lapis_lazuli":36,"minecraft:dirt":24,"minecraft:diamond":43,"minecraft:wheat_seeds":1,"minecraft:cobbled_deepslate":325,"minecraft:iron_ingot":11,"minecraft:melon_slice":7,"minecraft:coal":34,"minecraft:egg":1,"minecraft:cobblestone":120,"minecraft:furnace":2},"minecraft:killed":{"minecraft:wolf":1},"minecraft:used":{"minecraft:diamond_pickaxe":198,"minecraft:melon_slice":2,"minecraft:stone_pickaxe":131,"minecraft:iron_pickaxe":250,"minecraft:wooden_pickaxe":59,"minecraft:cobblestone":4,"minecraft:dirt":7,"minecraft:crafting_table":5,"minecraft:furnace":2},"minecraft:killed_by":{"minecraft:zombie":2},"minecraft:crafted":{"minecraft:diamond_sword":1,"minecraft:diamond_helmet":1,"minecraft:diamond_pickaxe":1,"minecraft:diamond_axe":1,"minecraft:crafting_table":4,"minecraft:stick":20,"minecraft:wooden_pickaxe":2,"minecraft:iron_pickaxe":1,"minecraft:iron_ingot":10,"minecraft:stone_pickaxe":1,"minecraft:furnace":1,"minecraft:diamond_chestplate":1,"minecraft:jungle_planks":112},"minecraft:mined":{"minecraft:diamond_ore":1,"minecraft:tuff":63,"minecraft:furnace":2,"minecraft:deepslate_diamond_ore":43,"minecraft:iron_ore":8,"minecraft:jungle_leaves":2,"minecraft:andesite":14,"minecraft:deepslate_lapis_ore":5,"minecraft:crafting_table":3,"minecraft:clay":2,"minecraft:short_grass":4,"minecraft:grass_block":1,"minecraft:coal_ore":1,"minecraft:deepslate_iron_ore":19,"minecraft:vine":10,"minecraft:jungle_log":28,"minecraft:gravel":3,"minecraft:dirt":7,"minecraft:deepslate_coal_ore":17,"minecraft:stone":121,"minecraft:diorite":3,"minecraft:oak_leaves":1,"minecraft:deepslate":327,"minecraft:fern":4},"minecraft:broken":{"minecraft:stone_pickaxe":1,"minecraft:iron_pickaxe":1}},"DataVersion":3953}