{"stats":{"minecraft:custom":{"minecraft:time_since_rest":2831,"minecraft:sprint_one_cm":110189,"minecraft:damage_taken":3325,"minecraft:walk_one_cm":101920,"minecraft:mob_kills":2,"minecraft:drop":2,"minecraft:damage_dealt":667,"minecraft:interact_with_crafting_table":5,"minecraft:swim_one_cm":79818,"minecraft:fly_one_cm":46934,"minecraft:player_kills":1,"minecraft:open_chest":2,"minecraft:crouch_one_cm":1308,"minecraft:play_time":56965,"minecraft:deaths":11,"minecraft:sneak_time":1345,"minecraft:walk_under_water_one_cm":14771,"minecraft:boat_one_cm":121073,"minecraft:jump":596,"minecraft:leave_game":7,"minecraft:walk_on_water_one_cm":26508,"minecraft:time_since_death":2760,"minecraft:climb_one_cm":12548,"minecraft:total_world_time":56965,"minecraft:fall_one_cm":23601},"minecraft:picked_up":{"minecraft:crafting_table":2,"minecraft:cocoa_beans":15,"minecraft:stick":2,"minecraft:raw_iron":8,"minecraft:jungle_log":50,"minecraft:andesite":13,"minecraft:potato":1,"minecraft:oak_log":6,"minecraft:dirt":7,"minecraft:raw_copper":7,"minecraft:rotten_flesh":2,"minecraft:kelp":4,"minecraft:wheat_seeds":11,"minecraft:granite":5,"minecraft:jungle_sapling":5,"minecraft:bamboo":108,"minecraft:melon_slice":71,"minecraft:cobblestone":61},"minecraft:used":{"minecraft:melon_slice":13,"minecraft:stone_pickaxe":106,"minecraft:wooden_pickaxe":5,"minecraft:jungle_boat":2,"minecraft:dirt":2,"minecraft:crafting_table":5,"minecraft:jungle_planks":2},"minecraft:killed":{"minecraft:zombie":2},"minecraft:killed_by":{"minecraft:player":4,"minecraft:creeper":2,"minecraft:spider":1,"minecraft:zombie":2},"minecraft:dropped":{"minecraft:wheat_seeds":3,"minecraft:jungle_sapling":2},"minecraft:crafted":{"minecraft:oak_planks":24,"minecraft:crafting_table":4,"minecraft:stick":16,"minecraft:jungle_boat":2,"minecraft:wooden_pickaxe":2,"minecraft:stone_pickaxe":1,"minecraft:jungle_planks":200},"minecraft:mined":{"minecraft:podzol":2,"minecraft:kelp_plant":2,"minecraft:iron_ore":6,"minecraft:jungle_leaves":16,"minecraft:andesite":22,"minecraft:crafting_table":3,"minecraft:granite":5,"minecraft:short_grass":31,"minecraft:grass_block":6,"minecraft:oak_log":6,"minecraft:melon":12,"minecraft:vine":7,"minecraft:jungle_log":50,"minecraft:dirt":1,"minecraft:tall_grass":1,"minecraft:copper_ore":3,"minecraft:bamboo":11,"minecraft:stone":75,"minecraft:kelp":5,"minecraft:fern":5}},"DataVersion":3953}