{"stats":{"minecraft:custom":{"minecraft:jump":102,"minecraft:time_since_rest":6042,"minecraft:leave_game":1,"minecraft:sprint_one_cm":12777,"minecraft:play_time":6042,"minecraft:damage_taken":20,"minecraft:time_since_death":6042,"minecraft:walk_one_cm":8834,"minecraft:climb_one_cm":1158,"minecraft:total_world_time":6042,"minecraft:fall_one_cm":2198,"minecraft:fly_one_cm":14925},"minecraft:picked_up":{"minecraft:jungle_log":11},"minecraft:used":{"minecraft:jungle_log":2},"minecraft:mined":{"minecraft:vine":1,"minecraft:jungle_log":11}},"DataVersion":3953}