{"stats":{"minecraft:mined":{"minecraft:short_grass":1},"minecraft:custom":{"minecraft:jump":40,"minecraft:time_since_rest":4222,"minecraft:crouch_one_cm":141,"minecraft:play_time":4222,"minecraft:leave_game":3,"minecraft:sprint_one_cm":2568,"minecraft:walk_on_water_one_cm":502,"minecraft:time_since_death":4222,"minecraft:walk_one_cm":1573,"minecraft:sneak_time":53,"minecraft:total_world_time":4222,"minecraft:walk_under_water_one_cm":1273,"minecraft:fall_one_cm":840,"minecraft:fly_one_cm":37536},"minecraft:used":{"minecraft:jungle_log":110}},"DataVersion":3953}