{"stats":{"minecraft:used":{"minecraft:stone_sword":90,"minecraft:poppy":1,"minecraft:chest":2,"minecraft:shield":37,"minecraft:iron_sword":69,"minecraft:iron_chestplate":1,"minecraft:torch":190,"minecraft:dirt":8,"minecraft:mutton":5,"minecraft:jungle_planks":1,"minecraft:iron_axe":25,"minecraft:iron_helmet":1,"minecraft:iron_boots":1,"minecraft:bamboo":22,"minecraft:diamond_chestplate":1,"minecraft:bow":3,"minecraft:beef":4,"minecraft:furnace":3,"minecraft:cooked_beef":26,"minecraft:cobbled_deepslate":51,"minecraft:iron_leggings":1,"minecraft:water_bucket":17,"minecraft:stone_pickaxe":54,"minecraft:wooden_pickaxe":27,"minecraft:jungle_boat":1,"minecraft:glow_berries":49,"minecraft:crafting_table":10,"minecraft:bread":3,"minecraft:melon_slice":93,"minecraft:iron_pickaxe":588,"minecraft:stone_axe":27,"minecraft:diamond_sword":297,"minecraft:wooden_sword":61,"minecraft:cobblestone":14,"minecraft:andesite":1,"minecraft:bucket":20},"minecraft:broken":{"minecraft:iron_pickaxe":2},"minecraft:killed":{"minecraft:spider":1,"minecraft:skeleton":23,"minecraft:chicken":7,"minecraft:pig":6,"minecraft:sheep":12,"minecraft:zombie":37,"minecraft:enderman":1,"minecraft:cow":16},"minecraft:picked_up":{"minecraft:crafting_table":4,"minecraft:chicken":9,"minecraft:wooden_pickaxe":8,"minecraft:string":3,"minecraft:moss_carpet":2,"minecraft:raw_copper":7,"minecraft:wooden_sword":8,"minecraft:diamond_leggings":1,"minecraft:cobbled_deepslate":304,"minecraft:smooth_stone":4,"minecraft:beef":37,"minecraft:azalea":2,"minecraft:poppy":1,"minecraft:light_gray_wool":1,"minecraft:melon_slice":295,"minecraft:furnace":2,"minecraft:stick":7,"minecraft:raw_iron":97,"minecraft:torch":12,"minecraft:porkchop":15,"minecraft:cherry_log":24,"minecraft:diorite":2,"minecraft:carrot":1,"minecraft:redstone":43,"minecraft:rotten_flesh":21,"minecraft:stone_sword":3,"minecraft:arrow":23,"minecraft:glow_berries":49,"minecraft:mutton":18,"minecraft:white_wool":13,"minecraft:cobblestone":65,"minecraft:pink_petals":6,"minecraft:feather":19,"minecraft:jungle_boat":1,"minecraft:jungle_log":42,"minecraft:andesite":2,"minecraft:leather":14,"minecraft:tuff":15,"minecraft:dirt":51,"minecraft:bone":26,"minecraft:bow":5,"minecraft:wheat_seeds":61,"minecraft:bell":1,"minecraft:stone_pickaxe":3,"minecraft:iron_ingot":1,"minecraft:diamond_helmet":1,"minecraft:bamboo":86,"minecraft:moss_block":2,"minecraft:book":9,"minecraft:dandelion":1,"minecraft:jungle_planks":132,"minecraft:spider_eye":1,"minecraft:diamond":52,"minecraft:stone_axe":1,"minecraft:granite":4,"minecraft:cherry_sapling":1,"minecraft:gray_wool":2,"minecraft:emerald":2,"minecraft:coal":112},"minecraft:crafted":{"minecraft:cherry_planks":96,"minecraft:wooden_sword":1,"minecraft:furnace":1,"minecraft:diamond_helmet":1,"minecraft:iron_boots":1,"minecraft:diamond_leggings":1,"minecraft:iron_axe":1,"minecraft:melon_seeds":1,"minecraft:stone_pickaxe":2,"minecraft:chest":2,"minecraft:diamond_boots":1,"minecraft:cooked_beef":26,"minecraft:diamond_sword":1,"minecraft:crafting_table":6,"minecraft:jungle_boat":1,"minecraft:wooden_pickaxe":2,"minecraft:iron_helmet":1,"minecraft:iron_sword":1,"minecraft:bucket":3,"minecraft:stone_axe":1,"minecraft:air":0,"minecraft:jungle_planks":92,"minecraft:iron_chestplate":1,"minecraft:shield":1,"minecraft:stick":80,"minecraft:iron_ingot":68,"minecraft:iron_pickaxe":3,"minecraft:stone_sword":2,"minecraft:iron_leggings":1,"minecraft:torch":232,"minecraft:diamond_chestplate":1},"minecraft:custom":{"minecraft:mob_kills":105,"minecraft:interact_with_crafting_table":30,"minecraft:bell_ring":2,"minecraft:leave_game":15,"minecraft:time_since_death":132488,"minecraft:climb_one_cm":11171,"minecraft:sprint_one_cm":384447,"minecraft:walk_one_cm":497123,"minecraft:damage_blocked_by_shield":2354,"minecraft:drop":46,"minecraft:play_time":183444,"minecraft:deaths":9,"minecraft:sneak_time":6247,"minecraft:walk_under_water_one_cm":14837,"minecraft:boat_one_cm":109757,"minecraft:jump":4053,"minecraft:interact_with_blast_furnace":2,"minecraft:walk_on_water_one_cm":30109,"minecraft:total_world_time":183444,"minecraft:interact_with_furnace":25,"minecraft:time_since_rest":132519,"minecraft:damage_taken":6100,"minecraft:damage_dealt":18053,"minecraft:player_kills":5,"minecraft:swim_one_cm":12825,"minecraft:fly_one_cm":633434,"minecraft:open_chest":15,"minecraft:crouch_one_cm":13938,"minecraft:fall_one_cm":114994},"minecraft:dropped":{"minecraft:moss_block":2,"minecraft:wheat_seeds":19,"minecraft:diamond_leggings":1,"minecraft:iron_helmet":1,"minecraft:granite":4,"minecraft:jungle_planks":19,"minecraft:stick":1,"minecraft:gray_wool":2,"minecraft:diorite":2,"minecraft:melon_slice":20,"minecraft:diamond_helmet":1,"minecraft:wooden_sword":3,"minecraft:white_wool":1,"minecraft:moss_carpet":1,"minecraft:rotten_flesh":3,"minecraft:light_gray_wool":1,"minecraft:azalea":1,"minecraft:wooden_pickaxe":3},"minecraft:killed_by":{"minecraft:player":4,"minecraft:skeleton":2,"minecraft:zombie":2},"minecraft:mined":{"minecraft:tuff":16,"minecraft:deepslate_diamond_ore":47,"minecraft:cherry_log":24,"minecraft:jungle_leaves":4,"minecraft:cave_vines_plant":37,"minecraft:granite":4,"minecraft:grass_block":7,"minecraft:jungle_log":42,"minecraft:moss_block":1,"minecraft:spawner":2,"minecraft:smooth_stone":4,"minecraft:furnace":2,"minecraft:cobbled_deepslate":5,"minecraft:iron_ore":45,"minecraft:fire":5,"minecraft:andesite":1,"minecraft:bell":1,"minecraft:bookshelf":3,"minecraft:cave_vines":49,"minecraft:deepslate_iron_ore":54,"minecraft:vine":8,"minecraft:bamboo":17,"minecraft:azalea":1,"minecraft:stone":43,"minecraft:deepslate_redstone_ore":9,"minecraft:dandelion":1,"minecraft:crafting_table":3,"minecraft:torch":1,"minecraft:short_grass":293,"minecraft:emerald_ore":1,"minecraft:poppy":2,"minecraft:melon":29,"minecraft:tall_grass":13,"minecraft:copper_ore":2,"minecraft:cobblestone":5,"minecraft:deepslate_coal_ore":1,"minecraft:sculk":4,"minecraft:diorite":2,"minecraft:pink_petals":5,"minecraft:coal_ore":66,"minecraft:cherry_leaves":3,"minecraft:gravel":9,"minecraft:dirt":4,"minecraft:oak_leaves":4,"minecraft:fern":47,"minecraft:deepslate":312}},"DataVersion":3953}