{"stats":{"minecraft:custom":{"minecraft:time_since_rest":7211,"minecraft:play_time":7211,"minecraft:sprint_one_cm":3224,"minecraft:damage_taken":25,"minecraft:walk_one_cm":13503,"minecraft:sneak_time":34,"minecraft:jump":81,"minecraft:damage_dealt":10,"minecraft:leave_game":1,"minecraft:time_since_death":7211,"minecraft:total_world_time":7211,"minecraft:fly_one_cm":5210,"minecraft:interact_with_crafting_table":2,"minecraft:fall_one_cm":1016},"minecraft:picked_up":{"minecraft:raw_copper":12,"minecraft:rotten_flesh":2,"minecraft:oak_log":5,"minecraft:coal":22,"minecraft:dirt":13,"minecraft:cobblestone":87},"minecraft:used":{"minecraft:dirt":7,"minecraft:crafting_table":2,"minecraft:stone_pickaxe":89,"minecraft:wooden_pickaxe":24},"minecraft:crafted":{"minecraft:oak_planks":20,"minecraft:stone_axe":1,"minecraft:crafting_table":2,"minecraft:stick":8,"minecraft:stone_pickaxe":1,"minecraft:wooden_pickaxe":1},"minecraft:mined":{"minecraft:short_grass":4,"minecraft:grass_block":5,"minecraft:coal_ore":22,"minecraft:oak_log":5,"minecraft:dirt":6,"minecraft:copper_ore":3,"minecraft:stone":88,"minecraft:fern":2}},"DataVersion":3953}